{
  "Total" : {
    "transaction" : "Total",
    "sampleCount" : 2973,
    "errorCount" : 2768,
    "errorPct" : 93.10461,
    "meanResTime" : 7922.937773292972,
    "medianResTime" : 8422.0,
    "minResTime" : 329.0,
    "maxResTime" : 16095.0,
    "pct1ResTime" : 13541.0,
    "pct2ResTime" : 13644.3,
    "pct3ResTime" : 15124.0,
    "throughput" : 30.413699975448072,
    "receivedKBytesPerSec" : 6.864699299630699,
    "sentKBytesPerSec" : 4.692738863399215
  },
  "GET / config=3" : {
    "transaction" : "GET / config=3",
    "sampleCount" : 2973,
    "errorCount" : 2768,
    "errorPct" : 93.10461,
    "meanResTime" : 7922.937773292972,
    "medianResTime" : 8422.0,
    "minResTime" : 329.0,
    "maxResTime" : 16095.0,
    "pct1ResTime" : 13541.0,
    "pct2ResTime" : 13644.3,
    "pct3ResTime" : 15124.0,
    "throughput" : 30.413699975448072,
    "receivedKBytesPerSec" : 6.864699299630699,
    "sentKBytesPerSec" : 4.692738863399215
  }
}