{
  "Total" : {
    "transaction" : "Total",
    "sampleCount" : 2956,
    "errorCount" : 2761,
    "errorPct" : 93.403244,
    "meanResTime" : 6968.077131258451,
    "medianResTime" : 7509.0,
    "minResTime" : 373.0,
    "maxResTime" : 14765.0,
    "pct1ResTime" : 11992.0,
    "pct2ResTime" : 12404.0,
    "pct3ResTime" : 13466.43,
    "throughput" : 30.843393608030134,
    "receivedKBytesPerSec" : 6.961381848725467,
    "sentKBytesPerSec" : 4.759039248114025
  },
  "GET / config=3" : {
    "transaction" : "GET / config=3",
    "sampleCount" : 2956,
    "errorCount" : 2761,
    "errorPct" : 93.403244,
    "meanResTime" : 6968.077131258451,
    "medianResTime" : 7509.0,
    "minResTime" : 373.0,
    "maxResTime" : 14765.0,
    "pct1ResTime" : 11992.0,
    "pct2ResTime" : 12404.0,
    "pct3ResTime" : 13466.43,
    "throughput" : 30.843393608030134,
    "receivedKBytesPerSec" : 6.961381848725467,
    "sentKBytesPerSec" : 4.759039248114025
  }
}