{
  "Total" : {
    "transaction" : "Total",
    "sampleCount" : 732,
    "errorCount" : 0,
    "errorPct" : 0.0,
    "meanResTime" : 386.2773224043713,
    "medianResTime" : 384.0,
    "minResTime" : 335.0,
    "maxResTime" : 448.0,
    "pct1ResTime" : 417.0,
    "pct2ResTime" : 420.0,
    "pct3ResTime" : 437.3399999999999,
    "throughput" : 8.106850953551731,
    "receivedKBytesPerSec" : 1.8287915725297363,
    "sentKBytesPerSec" : 1.2508617682238024
  },
  "GET / config=3" : {
    "transaction" : "GET / config=3",
    "sampleCount" : 732,
    "errorCount" : 0,
    "errorPct" : 0.0,
    "meanResTime" : 386.2773224043713,
    "medianResTime" : 384.0,
    "minResTime" : 335.0,
    "maxResTime" : 448.0,
    "pct1ResTime" : 417.0,
    "pct2ResTime" : 420.0,
    "pct3ResTime" : 437.3399999999999,
    "throughput" : 8.106850953551731,
    "receivedKBytesPerSec" : 1.8287915725297363,
    "sentKBytesPerSec" : 1.2508617682238024
  }
}