{
  "Total" : {
    "transaction" : "Total",
    "sampleCount" : 2865,
    "errorCount" : 2658,
    "errorPct" : 92.77487,
    "meanResTime" : 4975.93403141362,
    "medianResTime" : 5249.0,
    "minResTime" : 360.0,
    "maxResTime" : 11688.0,
    "pct1ResTime" : 8254.4,
    "pct2ResTime" : 9286.0,
    "pct3ResTime" : 11184.0,
    "throughput" : 30.24959878368105,
    "receivedKBytesPerSec" : 6.826028760215179,
    "sentKBytesPerSec" : 4.667418562325787
  },
  "GET / config=3" : {
    "transaction" : "GET / config=3",
    "sampleCount" : 2865,
    "errorCount" : 2658,
    "errorPct" : 92.77487,
    "meanResTime" : 4975.93403141362,
    "medianResTime" : 5249.0,
    "minResTime" : 360.0,
    "maxResTime" : 11688.0,
    "pct1ResTime" : 8254.4,
    "pct2ResTime" : 9286.0,
    "pct3ResTime" : 11184.0,
    "throughput" : 30.24959878368105,
    "receivedKBytesPerSec" : 6.826028760215179,
    "sentKBytesPerSec" : 4.667418562325787
  }
}