{
  "Total" : {
    "transaction" : "Total",
    "sampleCount" : 286,
    "errorCount" : 0,
    "errorPct" : 0.0,
    "meanResTime" : 322.59440559440554,
    "medianResTime" : 321.0,
    "minResTime" : 317.0,
    "maxResTime" : 362.0,
    "pct1ResTime" : 326.0,
    "pct2ResTime" : 334.65,
    "pct3ResTime" : 351.0,
    "throughput" : 2.378595963040278,
    "receivedKBytesPerSec" : 0.5365778002561564,
    "sentKBytesPerSec" : 0.3670099239847304
  },
  "GET / config=3" : {
    "transaction" : "GET / config=3",
    "sampleCount" : 286,
    "errorCount" : 0,
    "errorPct" : 0.0,
    "meanResTime" : 322.59440559440554,
    "medianResTime" : 321.0,
    "minResTime" : 317.0,
    "maxResTime" : 362.0,
    "pct1ResTime" : 326.0,
    "pct2ResTime" : 334.65,
    "pct3ResTime" : 351.0,
    "throughput" : 2.378595963040278,
    "receivedKBytesPerSec" : 0.5365778002561564,
    "sentKBytesPerSec" : 0.3670099239847304
  }
}