{
  "Total" : {
    "transaction" : "Total",
    "sampleCount" : 2751,
    "errorCount" : 2542,
    "errorPct" : 92.40276,
    "meanResTime" : 2857.1384950926904,
    "medianResTime" : 2936.0,
    "minResTime" : 360.0,
    "maxResTime" : 6504.0,
    "pct1ResTime" : 4819.0,
    "pct2ResTime" : 5076.0,
    "pct3ResTime" : 5121.48,
    "throughput" : 29.677015685343804,
    "receivedKBytesPerSec" : 6.694759545108848,
    "sentKBytesPerSec" : 4.579070779574533
  },
  "GET / config=3" : {
    "transaction" : "GET / config=3",
    "sampleCount" : 2751,
    "errorCount" : 2542,
    "errorPct" : 92.40276,
    "meanResTime" : 2857.1384950926904,
    "medianResTime" : 2936.0,
    "minResTime" : 360.0,
    "maxResTime" : 6504.0,
    "pct1ResTime" : 4819.0,
    "pct2ResTime" : 5076.0,
    "pct3ResTime" : 5121.48,
    "throughput" : 29.677015685343804,
    "receivedKBytesPerSec" : 6.694759545108848,
    "sentKBytesPerSec" : 4.579070779574533
  }
}