{
  "Total" : {
    "transaction" : "Total",
    "sampleCount" : 2959,
    "errorCount" : 2753,
    "errorPct" : 93.038185,
    "meanResTime" : 8072.207502534649,
    "medianResTime" : 8009.0,
    "minResTime" : 305.0,
    "maxResTime" : 16391.0,
    "pct1ResTime" : 13807.0,
    "pct2ResTime" : 14193.0,
    "pct3ResTime" : 16387.0,
    "throughput" : 30.381436418707327,
    "receivedKBytesPerSec" : 6.856793293418554,
    "sentKBytesPerSec" : 4.687760697417732
  },
  "GET / config=3" : {
    "transaction" : "GET / config=3",
    "sampleCount" : 2959,
    "errorCount" : 2753,
    "errorPct" : 93.038185,
    "meanResTime" : 8072.207502534649,
    "medianResTime" : 8009.0,
    "minResTime" : 305.0,
    "maxResTime" : 16391.0,
    "pct1ResTime" : 13807.0,
    "pct2ResTime" : 14193.0,
    "pct3ResTime" : 16387.0,
    "throughput" : 30.381436418707327,
    "receivedKBytesPerSec" : 6.856793293418554,
    "sentKBytesPerSec" : 4.687760697417732
  }
}