{
  "Total" : {
    "transaction" : "Total",
    "sampleCount" : 2826,
    "errorCount" : 2617,
    "errorPct" : 92.604385,
    "meanResTime" : 3981.3075017692854,
    "medianResTime" : 4243.0,
    "minResTime" : 343.0,
    "maxResTime" : 9457.0,
    "pct1ResTime" : 6523.0,
    "pct2ResTime" : 7230.0,
    "pct3ResTime" : 9263.76000000001,
    "throughput" : 29.698600193366683,
    "receivedKBytesPerSec" : 6.701392811541048,
    "sentKBytesPerSec" : 4.582401201710875
  },
  "GET / config=3" : {
    "transaction" : "GET / config=3",
    "sampleCount" : 2826,
    "errorCount" : 2617,
    "errorPct" : 92.604385,
    "meanResTime" : 3981.3075017692854,
    "medianResTime" : 4243.0,
    "minResTime" : 343.0,
    "maxResTime" : 9457.0,
    "pct1ResTime" : 6523.0,
    "pct2ResTime" : 7230.0,
    "pct3ResTime" : 9263.76000000001,
    "throughput" : 29.698600193366683,
    "receivedKBytesPerSec" : 6.701392811541048,
    "sentKBytesPerSec" : 4.582401201710875
  }
}