{
  "Total" : {
    "transaction" : "Total",
    "sampleCount" : 40,
    "errorCount" : 0,
    "errorPct" : 0.0,
    "meanResTime" : 308.375,
    "medianResTime" : 306.0,
    "minResTime" : 306.0,
    "maxResTime" : 353.0,
    "pct1ResTime" : 309.0,
    "pct2ResTime" : 320.54999999999995,
    "pct3ResTime" : 353.0,
    "throughput" : 0.3411746643694239,
    "receivedKBytesPerSec" : 0.07696420651302434,
    "sentKBytesPerSec" : 0.05264218454137595
  },
  "GET / config=3" : {
    "transaction" : "GET / config=3",
    "sampleCount" : 40,
    "errorCount" : 0,
    "errorPct" : 0.0,
    "meanResTime" : 308.375,
    "medianResTime" : 306.0,
    "minResTime" : 306.0,
    "maxResTime" : 353.0,
    "pct1ResTime" : 309.0,
    "pct2ResTime" : 320.54999999999995,
    "pct3ResTime" : 353.0,
    "throughput" : 0.3411746643694239,
    "receivedKBytesPerSec" : 0.07696420651302434,
    "sentKBytesPerSec" : 0.05264218454137595
  }
}