{
  "Total" : {
    "transaction" : "Total",
    "sampleCount" : 2343,
    "errorCount" : 2130,
    "errorPct" : 90.90909,
    "meanResTime" : 801.2701664532655,
    "medianResTime" : 834.0,
    "minResTime" : 358.0,
    "maxResTime" : 1112.0,
    "pct1ResTime" : 872.0,
    "pct2ResTime" : 885.5999999999995,
    "pct3ResTime" : 906.0,
    "throughput" : 25.842101780160146,
    "receivedKBytesPerSec" : 5.829614757047846,
    "sentKBytesPerSec" : 3.987355548110648
  },
  "GET / config=3" : {
    "transaction" : "GET / config=3",
    "sampleCount" : 2343,
    "errorCount" : 2130,
    "errorPct" : 90.90909,
    "meanResTime" : 801.2701664532655,
    "medianResTime" : 834.0,
    "minResTime" : 358.0,
    "maxResTime" : 1112.0,
    "pct1ResTime" : 872.0,
    "pct2ResTime" : 885.5999999999995,
    "pct3ResTime" : 906.0,
    "throughput" : 25.842101780160146,
    "receivedKBytesPerSec" : 5.829614757047846,
    "sentKBytesPerSec" : 3.987355548110648
  }
}