{
  "Total" : {
    "transaction" : "Total",
    "sampleCount" : 216,
    "errorCount" : 0,
    "errorPct" : 0.0,
    "meanResTime" : 334.09259259259255,
    "medianResTime" : 326.0,
    "minResTime" : 315.0,
    "maxResTime" : 615.0,
    "pct1ResTime" : 353.50000000000006,
    "pct2ResTime" : 387.29999999999995,
    "pct3ResTime" : 467.8999999999995,
    "throughput" : 2.393563972429689,
    "receivedKBytesPerSec" : 0.5399543726867755,
    "sentKBytesPerSec" : 0.3693194410584872
  },
  "GET / config=3" : {
    "transaction" : "GET / config=3",
    "sampleCount" : 216,
    "errorCount" : 0,
    "errorPct" : 0.0,
    "meanResTime" : 334.09259259259255,
    "medianResTime" : 326.0,
    "minResTime" : 315.0,
    "maxResTime" : 615.0,
    "pct1ResTime" : 353.50000000000006,
    "pct2ResTime" : 387.29999999999995,
    "pct3ResTime" : 467.8999999999995,
    "throughput" : 2.393563972429689,
    "receivedKBytesPerSec" : 0.5399543726867755,
    "sentKBytesPerSec" : 0.3693194410584872
  }
}