{
  "Total" : {
    "transaction" : "Total",
    "sampleCount" : 81,
    "errorCount" : 0,
    "errorPct" : 0.0,
    "meanResTime" : 316.17283950617275,
    "medianResTime" : 309.0,
    "minResTime" : 306.0,
    "maxResTime" : 424.0,
    "pct1ResTime" : 325.8,
    "pct2ResTime" : 388.39999999999986,
    "pct3ResTime" : 424.0,
    "throughput" : 0.6820822877545177,
    "receivedKBytesPerSec" : 0.15386817233524766,
    "sentKBytesPerSec" : 0.10524316549337286
  },
  "GET / config=3" : {
    "transaction" : "GET / config=3",
    "sampleCount" : 81,
    "errorCount" : 0,
    "errorPct" : 0.0,
    "meanResTime" : 316.17283950617275,
    "medianResTime" : 309.0,
    "minResTime" : 306.0,
    "maxResTime" : 424.0,
    "pct1ResTime" : 325.8,
    "pct2ResTime" : 388.39999999999986,
    "pct3ResTime" : 424.0,
    "throughput" : 0.6820822877545177,
    "receivedKBytesPerSec" : 0.15386817233524766,
    "sentKBytesPerSec" : 0.10524316549337286
  }
}