{
  "Total" : {
    "transaction" : "Total",
    "sampleCount" : 2936,
    "errorCount" : 2729,
    "errorPct" : 92.94959,
    "meanResTime" : 7879.468664850151,
    "medianResTime" : 7778.0,
    "minResTime" : 331.0,
    "maxResTime" : 16081.0,
    "pct1ResTime" : 13728.0,
    "pct2ResTime" : 14711.0,
    "pct3ResTime" : 16026.0,
    "throughput" : 30.418250950570343,
    "receivedKBytesPerSec" : 6.864540002952725,
    "sentKBytesPerSec" : 4.693441064638783
  },
  "GET / config=3" : {
    "transaction" : "GET / config=3",
    "sampleCount" : 2936,
    "errorCount" : 2729,
    "errorPct" : 92.94959,
    "meanResTime" : 7879.468664850151,
    "medianResTime" : 7778.0,
    "minResTime" : 331.0,
    "maxResTime" : 16081.0,
    "pct1ResTime" : 13728.0,
    "pct2ResTime" : 14711.0,
    "pct3ResTime" : 16026.0,
    "throughput" : 30.418250950570343,
    "receivedKBytesPerSec" : 6.864540002952725,
    "sentKBytesPerSec" : 4.693441064638783
  }
}