{
  "Total" : {
    "transaction" : "Total",
    "sampleCount" : 284,
    "errorCount" : 284,
    "errorPct" : 100.0,
    "meanResTime" : 722.6936619718311,
    "medianResTime" : 721.0,
    "minResTime" : 716.0,
    "maxResTime" : 777.0,
    "pct1ResTime" : 726.0,
    "pct2ResTime" : 734.0,
    "pct3ResTime" : 764.0499999999998,
    "throughput" : 2.3541894625153357,
    "receivedKBytesPerSec" : 0.5310720369541431,
    "sentKBytesPerSec" : 0.3632440772240459
  },
  "GET / config=2" : {
    "transaction" : "GET / config=2",
    "sampleCount" : 284,
    "errorCount" : 284,
    "errorPct" : 100.0,
    "meanResTime" : 722.6936619718311,
    "medianResTime" : 721.0,
    "minResTime" : 716.0,
    "maxResTime" : 777.0,
    "pct1ResTime" : 726.0,
    "pct2ResTime" : 734.0,
    "pct3ResTime" : 764.0499999999998,
    "throughput" : 2.3541894625153357,
    "receivedKBytesPerSec" : 0.5310720369541431,
    "sentKBytesPerSec" : 0.3632440772240459
  }
}