{
  "Total" : {
    "transaction" : "Total",
    "sampleCount" : 368,
    "errorCount" : 0,
    "errorPct" : 0.0,
    "meanResTime" : 352.7228260869566,
    "medianResTime" : 341.0,
    "minResTime" : 321.0,
    "maxResTime" : 552.0,
    "pct1ResTime" : 396.0,
    "pct2ResTime" : 427.1,
    "pct3ResTime" : 485.5200000000002,
    "throughput" : 4.077517146624414,
    "receivedKBytesPerSec" : 0.9198305281935933,
    "sentKBytesPerSec" : 0.6291481534830639
  },
  "GET / config=3" : {
    "transaction" : "GET / config=3",
    "sampleCount" : 368,
    "errorCount" : 0,
    "errorPct" : 0.0,
    "meanResTime" : 352.7228260869566,
    "medianResTime" : 341.0,
    "minResTime" : 321.0,
    "maxResTime" : 552.0,
    "pct1ResTime" : 396.0,
    "pct2ResTime" : 427.1,
    "pct3ResTime" : 485.5200000000002,
    "throughput" : 4.077517146624414,
    "receivedKBytesPerSec" : 0.9198305281935933,
    "sentKBytesPerSec" : 0.6291481534830639
  }
}