{
  "Total" : {
    "transaction" : "Total",
    "sampleCount" : 2900,
    "errorCount" : 2695,
    "errorPct" : 92.93104,
    "meanResTime" : 7324.843448275878,
    "medianResTime" : 7792.0,
    "minResTime" : 378.0,
    "maxResTime" : 14305.0,
    "pct1ResTime" : 12360.0,
    "pct2ResTime" : 12589.0,
    "pct3ResTime" : 13548.0,
    "throughput" : 30.39896014591501,
    "receivedKBytesPerSec" : 6.859666214176398,
    "sentKBytesPerSec" : 4.69046455376423
  },
  "GET / config=3" : {
    "transaction" : "GET / config=3",
    "sampleCount" : 2900,
    "errorCount" : 2695,
    "errorPct" : 92.93104,
    "meanResTime" : 7324.843448275878,
    "medianResTime" : 7792.0,
    "minResTime" : 378.0,
    "maxResTime" : 14305.0,
    "pct1ResTime" : 12360.0,
    "pct2ResTime" : 12589.0,
    "pct3ResTime" : 13548.0,
    "throughput" : 30.39896014591501,
    "receivedKBytesPerSec" : 6.859666214176398,
    "sentKBytesPerSec" : 4.69046455376423
  }
}