{
  "Total" : {
    "transaction" : "Total",
    "sampleCount" : 3016,
    "errorCount" : 2809,
    "errorPct" : 93.136604,
    "meanResTime" : 7976.05669761273,
    "medianResTime" : 9015.5,
    "minResTime" : 312.0,
    "maxResTime" : 16151.0,
    "pct1ResTime" : 12847.0,
    "pct2ResTime" : 13444.0,
    "pct3ResTime" : 14558.83,
    "throughput" : 30.4825049018617,
    "receivedKBytesPerSec" : 6.87936572057367,
    "sentKBytesPerSec" : 4.703355248529442
  },
  "GET / config=3" : {
    "transaction" : "GET / config=3",
    "sampleCount" : 3016,
    "errorCount" : 2809,
    "errorPct" : 93.136604,
    "meanResTime" : 7976.05669761273,
    "medianResTime" : 9015.5,
    "minResTime" : 312.0,
    "maxResTime" : 16151.0,
    "pct1ResTime" : 12847.0,
    "pct2ResTime" : 13444.0,
    "pct3ResTime" : 14558.83,
    "throughput" : 30.4825049018617,
    "receivedKBytesPerSec" : 6.87936572057367,
    "sentKBytesPerSec" : 4.703355248529442
  }
}