{
  "Total" : {
    "transaction" : "Total",
    "sampleCount" : 92,
    "errorCount" : 0,
    "errorPct" : 0.0,
    "meanResTime" : 343.2608695652174,
    "medianResTime" : 341.0,
    "minResTime" : 308.0,
    "maxResTime" : 431.0,
    "pct1ResTime" : 383.7,
    "pct2ResTime" : 406.79999999999995,
    "pct3ResTime" : 431.0,
    "throughput" : 1.0235983933955652,
    "receivedKBytesPerSec" : 0.23090940319763237,
    "sentKBytesPerSec" : 0.15793803335595633
  },
  "GET / config=3" : {
    "transaction" : "GET / config=3",
    "sampleCount" : 92,
    "errorCount" : 0,
    "errorPct" : 0.0,
    "meanResTime" : 343.2608695652174,
    "medianResTime" : 341.0,
    "minResTime" : 308.0,
    "maxResTime" : 431.0,
    "pct1ResTime" : 383.7,
    "pct2ResTime" : 406.79999999999995,
    "pct3ResTime" : 431.0,
    "throughput" : 1.0235983933955652,
    "receivedKBytesPerSec" : 0.23090940319763237,
    "sentKBytesPerSec" : 0.15793803335595633
  }
}